horizon,model,threshold,validation_expected_cost,missed_failure_cost,false_alarm_cost
6,Logistic Regression,0.7800000000000001,1014000.0,10000.0,500.0
6,Random Forest,0.39000000000000007,38000.0,10000.0,500.0
6,Extra Trees,0.5600000000000002,723000.0,10000.0,500.0
6,HistGradientBoosting,0.6700000000000002,92500.0,10000.0,500.0
6,ANN,0.8000000000000002,933000.0,10000.0,500.0
24,Logistic Regression,0.7200000000000002,271000.0,10000.0,500.0
24,Random Forest,0.5600000000000002,66500.0,10000.0,500.0
24,Extra Trees,0.5200000000000001,139000.0,10000.0,500.0
24,HistGradientBoosting,0.9400000000000002,28500.0,10000.0,500.0
24,ANN,0.26000000000000006,252000.0,10000.0,500.0
