threshold,precision,recall,f1,false_alarm_rate,TN,FP,FN,TP,expected_cost,model,horizon,split,roc_auc,pr_auc
0.7800000000000001,0.24941543257989088,0.9696969696969697,0.3967761934283943,0.013010173063672841,73056,963,10,320,581500.0,Logistic Regression,6,test,0.9948302790397388,0.3265901207270853
0.7800000000000001,0.3333333333333333,1.0,0.5,0.016107382550335572,733,12,0,6,6000.0,Logistic Regression,6,unseen_machine,0.9897091722595078,0.33790849673202616
0.39000000000000007,0.938953488372093,0.9787878787878788,0.9584569732937686,0.0002837109390832084,73998,21,7,323,80500.0,Random Forest,6,test,0.9999893147828137,0.9978221760467165
0.39000000000000007,1.0,1.0,1.0,0.0,745,0,0,6,0.0,Random Forest,6,unseen_machine,1.0,1.0
0.5600000000000002,0.4693548387096774,0.8818181818181818,0.6126315789473684,0.004444804712303597,73690,329,39,291,554500.0,Extra Trees,6,test,0.9987180605143562,0.8289396542756357
0.5600000000000002,0.375,1.0,0.5454545454545454,0.013422818791946308,735,10,0,6,5000.0,Extra Trees,6,unseen_machine,1.0,1.0
0.6700000000000002,0.9416909620991254,0.9787878787878788,0.9598811292719168,0.00027020089436496035,73999,20,7,323,80000.0,HistGradientBoosting,6,test,0.9999577913451377,0.9926580389745652
0.6700000000000002,1.0,1.0,1.0,0.0,745,0,0,6,0.0,HistGradientBoosting,6,unseen_machine,1.0,1.0
0.8000000000000002,0.2717678100263852,0.9363636363636364,0.4212678936605317,0.011186317026709358,73191,828,21,309,624000.0,ANN,6,test,0.9952477598912974,0.3453588347138013
0.8000000000000002,0.3333333333333333,1.0,0.5,0.016107382550335572,733,12,0,6,6000.0,ANN,6,unseen_machine,0.9961968680089486,0.5656084656084656
0.7200000000000002,0.8020050125313283,0.9968847352024922,0.8888888888888888,0.004324916170533087,72749,316,4,1280,198000.0,Logistic Regression,24,test,0.9994090632823204,0.964962194757646
0.7200000000000002,1.0,1.0,1.0,0.0,727,0,0,24,0.0,Logistic Regression,24,unseen_machine,1.0,0.9999999999999998
0.5600000000000002,0.9806949806949807,0.9890965732087228,0.9848778596355177,0.0003421610894409088,73040,25,14,1270,152500.0,Random Forest,24,test,0.9998635086370625,0.9851828503214204
0.5600000000000002,1.0,1.0,1.0,0.0,727,0,0,24,0.0,Random Forest,24,unseen_machine,1.0,1.0
0.5200000000000001,0.8924581005586593,0.9953271028037384,0.9410898379970545,0.0021077123109559982,72911,154,6,1278,137000.0,Extra Trees,24,test,0.9997121583159108,0.9807029059707886
0.5200000000000001,1.0,1.0,1.0,0.0,727,0,0,24,0.0,Extra Trees,24,unseen_machine,1.0,0.9999999999999999
0.9400000000000002,0.9806351665375678,0.985981308411215,0.9833009708737864,0.0003421610894409088,73040,25,18,1266,192500.0,HistGradientBoosting,24,test,0.9999183077074929,0.9942914956341311
0.9400000000000002,1.0,1.0,1.0,0.0,727,0,0,24,0.0,HistGradientBoosting,24,unseen_machine,1.0,1.0
0.26000000000000006,0.8410153640614563,0.9805295950155763,0.9054297015462064,0.0032573735714774518,72827,238,25,1259,369000.0,ANN,24,test,0.9994141690506022,0.9540501596719859
0.26000000000000006,1.0,1.0,1.0,0.0,727,0,0,24,0.0,ANN,24,unseen_machine,1.0,1.0
