threshold,precision,recall,f1,false_alarm_rate,TN,FP,FN,TP,expected_cost
0.05,0.3990746096009254,1.0,0.5704836709384044,0.007202972699416275,143207,1039,0,690,519500.0
0.060000000000000005,0.4233128834355828,1.0,0.5948275862068966,0.00651664517560279,143306,940,0,690,470000.0
0.07,0.44805194805194803,1.0,0.6188340807174888,0.005892711063045075,143396,850,0,690,425000.0
0.08000000000000002,0.4722792607802875,1.0,0.6415620641562064,0.005345035564244416,143475,771,0,690,385500.0
0.09000000000000001,0.5003625815808557,1.0,0.6669888835186081,0.004776562261691832,143557,689,0,690,344500.0
0.1,0.5231235784685367,1.0,0.6869089099054256,0.004360606186653356,143617,629,0,690,314500.0
0.11000000000000001,0.548489666136725,1.0,0.7084188911704312,0.003937717510364239,143678,568,0,690,284000.0
0.12000000000000001,0.575,1.0,0.7301587301587301,0.0035356266378270456,143736,510,0,690,255000.0
0.13,0.5989583333333334,1.0,0.749185667752443,0.003202861777796265,143784,462,0,690,231000.0
0.14,0.6193895870736086,1.0,0.7649667405764967,0.0029394229302718965,143822,424,0,690,212000.0
0.15000000000000002,0.6436567164179104,1.0,0.7832009080590239,0.0026482536777449636,143864,382,0,690,191000.0
0.16000000000000003,0.6634615384615384,1.0,0.7976878612716763,0.002426410437724443,143896,350,0,690,175000.0
0.17000000000000004,0.6845238095238095,1.0,0.8127208480565371,0.0022045671977039224,143928,318,0,690,159000.0
0.18000000000000005,0.7040816326530612,1.0,0.8263473053892215,0.002010454362685967,143956,290,0,690,145000.0
0.19,0.7293868921775899,1.0,0.843520782396088,0.001774745920164164,143990,256,0,690,128000.0
0.2,0.7443365695792881,1.0,0.8534322820037106,0.00164302649640198,144009,237,0,690,118500.0
0.21000000000000002,0.7532751091703057,1.0,0.8592777085927771,0.001566767882644926,144020,226,0,690,113000.0
0.22000000000000003,0.7641196013289037,1.0,0.8662900188323918,0.0014766440663865896,144033,213,0,690,106500.0
0.23000000000000004,0.7805429864253394,1.0,0.8767471410419314,0.0013449246426244055,144052,194,0,690,97000.0
0.24000000000000005,0.7958477508650519,1.0,0.8863198458574181,0.001227070421363504,144069,177,0,690,88500.0
0.25000000000000006,0.8060747663551402,1.0,0.8926261319534282,0.00115081180760645,144080,166,0,690,83000.0
0.26000000000000006,0.8204518430439952,1.0,0.9013716525146963,0.0010468227888468312,144095,151,0,690,75500.0
0.27,0.8343409915356711,1.0,0.9096901779828609,0.0009497663713378534,144109,137,0,690,68500.0
0.28,0.8518518518518519,1.0,0.92,0.0008319121500769519,144126,120,0,690,60000.0
0.29000000000000004,0.8582089552238806,1.0,0.9236947791164659,0.0007903165425731043,144132,114,0,690,57000.0
0.30000000000000004,0.8701134930643127,1.0,0.930546190155091,0.0007140579288160504,144143,103,0,690,51500.0
0.31000000000000005,0.8756345177664975,1.0,0.9336941813261164,0.000679394922562844,144148,98,0,690,49000.0
0.32000000000000006,0.8846153846153846,1.0,0.9387755102040817,0.0006239341125577139,144156,90,0,690,45000.0
0.33,0.8972691807542262,1.0,0.9458533241946538,0.00054767549880066,144167,79,0,690,39500.0
0.34,0.9077733860342556,0.9985507246376811,0.9510006901311249,0.00048528208754488857,144176,70,1,689,45000.0
0.35000000000000003,0.9211229946524064,0.9985507246376811,0.9582753824756607,0.00040902347378783465,144187,59,1,689,39500.0
0.36000000000000004,0.9272237196765498,0.9971014492753624,0.9608938547486033,0.0003743604675346283,144192,54,2,688,47000.0
0.37000000000000005,0.9373297002724795,0.9971014492753624,0.9662921348314607,0.0003188996575294982,144200,46,2,688,43000.0
0.38000000000000006,0.943758573388203,0.9971014492753624,0.9696969696969697,0.0002842366512762919,144205,41,2,688,40500.0
0.39000000000000007,0.9502762430939227,0.9971014492753624,0.9731258840169731,0.00024957364502308557,144210,36,2,688,38000.0
0.4000000000000001,0.9554937413073713,0.9956521739130435,0.9751596877217885,0.0002218432400205205,144214,32,3,687,46000.0
0.4100000000000001,0.9554937413073713,0.9956521739130435,0.9751596877217885,0.0002218432400205205,144214,32,3,687,46000.0
0.42000000000000004,0.9581005586592178,0.9942028985507246,0.9758179231863442,0.00020797803751923798,144216,30,4,686,55000.0
0.43000000000000005,0.9606741573033708,0.991304347826087,0.9757489300998573,0.00019411283501795544,144218,28,6,684,74000.0
0.44000000000000006,0.9606741573033708,0.991304347826087,0.9757489300998573,0.00019411283501795544,144218,28,6,684,74000.0
0.45000000000000007,0.9646393210749646,0.9884057971014493,0.9763779527559056,0.00017331503126603165,144221,25,8,682,92500.0
0.4600000000000001,0.9673758865248226,0.9884057971014493,0.9777777777777777,0.0001594498287647491,144223,23,8,682,91500.0
0.4700000000000001,0.9701280227596017,0.9884057971014493,0.9791816223977028,0.00014558462626346658,144225,21,8,682,90500.0
0.4800000000000001,0.9701280227596017,0.9884057971014493,0.9791816223977028,0.00014558462626346658,144225,21,8,682,90500.0
0.49000000000000005,0.9715099715099715,0.9884057971014493,0.9798850574712644,0.00013865202501282532,144226,20,8,682,90000.0
0.5000000000000001,0.9756795422031473,0.9884057971014493,0.9820014398848093,0.00011785422126090151,144229,17,8,682,88500.0
0.5100000000000001,0.9770773638968482,0.9884057971014493,0.9827089337175793,0.00011092162001026025,144230,16,8,682,88000.0
0.5200000000000001,0.9770773638968482,0.9884057971014493,0.9827089337175793,0.00011092162001026025,144230,16,8,682,88000.0
0.5300000000000001,0.9784791965566715,0.9884057971014493,0.9834174477289113,0.00010398901875961899,144231,15,8,682,87500.0
0.5400000000000001,0.981294964028777,0.9884057971014493,0.9848375451263538,9.012381625833645e-05,144233,13,8,682,86500.0
0.5500000000000002,0.9827089337175793,0.9884057971014493,0.9855491329479769,8.319121500769518e-05,144234,12,8,682,86000.0
0.5600000000000002,0.9827089337175793,0.9884057971014493,0.9855491329479769,8.319121500769518e-05,144234,12,8,682,86000.0
0.5700000000000002,0.9855282199710564,0.9869565217391304,0.9862418537291817,6.932601250641266e-05,144236,10,9,681,95000.0
0.5800000000000002,0.9855282199710564,0.9869565217391304,0.9862418537291817,6.932601250641266e-05,144236,10,9,681,95000.0
0.5900000000000002,0.9883720930232558,0.9855072463768116,0.9869375907111756,5.546081000513012e-05,144238,8,10,680,104000.0
0.6000000000000002,0.9912536443148688,0.9855072463768116,0.9883720930232558,4.159560750384759e-05,144240,6,10,680,103000.0
0.6100000000000001,0.9912280701754386,0.9826086956521739,0.9868995633187773,4.159560750384759e-05,144240,6,12,678,123000.0
0.6200000000000001,0.9912280701754386,0.9826086956521739,0.9868995633187773,4.159560750384759e-05,144240,6,12,678,123000.0
0.6300000000000001,0.9911894273127754,0.9782608695652174,0.9846827133479212,4.159560750384759e-05,144240,6,15,675,153000.0
0.6400000000000001,0.9911764705882353,0.9768115942028985,0.983941605839416,4.159560750384759e-05,144240,6,16,674,163000.0
0.6500000000000001,0.9911504424778761,0.9739130434782609,0.9824561403508771,4.159560750384759e-05,144240,6,18,672,183000.0
0.6600000000000001,0.9911111111111112,0.9695652173913043,0.9802197802197802,4.159560750384759e-05,144240,6,21,669,213000.0
0.6700000000000002,0.9910979228486647,0.9681159420289855,0.9794721407624634,4.159560750384759e-05,144240,6,22,668,223000.0
0.6800000000000002,0.9940387481371088,0.9666666666666667,0.9801616458486407,2.773040500256506e-05,144242,4,23,667,232000.0
0.6900000000000002,0.9940298507462687,0.9652173913043478,0.9794117647058823,2.773040500256506e-05,144242,4,24,666,242000.0
0.7000000000000002,0.9969742813918305,0.9550724637681159,0.9755736491487786,1.386520250128253e-05,144244,2,31,659,311000.0
0.7100000000000002,0.9984779299847792,0.9507246376811594,0.9740163325909429,6.932601250641265e-06,144245,1,34,656,340500.0
0.7200000000000002,1.0,0.946376811594203,0.9724497393894267,0.0,144246,0,37,653,370000.0
0.7300000000000002,1.0,0.9420289855072463,0.9701492537313433,0.0,144246,0,40,650,400000.0
0.7400000000000002,1.0,0.9376811594202898,0.9678384442782348,0.0,144246,0,43,647,430000.0
0.7500000000000002,1.0,0.9304347826086956,0.963963963963964,0.0,144246,0,48,642,480000.0
0.7600000000000002,1.0,0.9246376811594202,0.9608433734939759,0.0,144246,0,52,638,520000.0
0.7700000000000002,1.0,0.9217391304347826,0.9592760180995475,0.0,144246,0,54,636,540000.0
0.7800000000000001,1.0,0.9101449275362319,0.952959028831563,0.0,144246,0,62,628,620000.0
0.7900000000000001,1.0,0.9014492753623189,0.948170731707317,0.0,144246,0,68,622,680000.0
0.8000000000000002,1.0,0.8797101449275362,0.936006168080185,0.0,144246,0,83,607,830000.0
0.8100000000000002,1.0,0.8710144927536232,0.9310611928737413,0.0,144246,0,89,601,890000.0
0.8200000000000002,1.0,0.8565217391304348,0.9227166276346604,0.0,144246,0,99,591,990000.0
0.8300000000000002,1.0,0.8478260869565217,0.9176470588235294,0.0,144246,0,105,585,1050000.0
0.8400000000000002,1.0,0.8405797101449275,0.9133858267716536,0.0,144246,0,110,580,1100000.0
0.8500000000000002,1.0,0.8289855072463768,0.9064976228209192,0.0,144246,0,118,572,1180000.0
0.8600000000000002,1.0,0.8144927536231884,0.8977635782747604,0.0,144246,0,128,562,1280000.0
0.8700000000000002,1.0,0.7942028985507247,0.8852988691437803,0.0,144246,0,142,548,1420000.0
0.8800000000000002,1.0,0.7753623188405797,0.8734693877551021,0.0,144246,0,155,535,1550000.0
0.8900000000000002,1.0,0.7463768115942029,0.8547717842323651,0.0,144246,0,175,515,1750000.0
0.9000000000000002,1.0,0.7202898550724638,0.8374052232518955,0.0,144246,0,193,497,1930000.0
0.9100000000000003,1.0,0.7,0.8235294117647058,0.0,144246,0,207,483,2070000.0
0.9200000000000003,1.0,0.6739130434782609,0.8051948051948052,0.0,144246,0,225,465,2250000.0
0.9300000000000002,1.0,0.6289855072463768,0.7722419928825622,0.0,144246,0,256,434,2560000.0
0.9400000000000002,1.0,0.5739130434782609,0.7292817679558011,0.0,144246,0,294,396,2940000.0
0.9500000000000002,1.0,0.5202898550724637,0.684461391801716,0.0,144246,0,331,359,3310000.0
