datetime,machineID,actual_failure_24h,selected_model,probability,alert
2015-12-01 00:00:00,100,0,HistGradientBoosting,1.1188819650484833e-05,0
2015-12-01 01:00:00,100,0,HistGradientBoosting,1.2298694453804513e-05,0
2015-12-01 02:00:00,100,0,HistGradientBoosting,1.2231524495138478e-05,0
2015-12-01 03:00:00,100,0,HistGradientBoosting,1.1602686318481715e-05,0
2015-12-01 04:00:00,100,0,HistGradientBoosting,9.60988993118429e-06,0
2015-12-01 05:00:00,100,0,HistGradientBoosting,9.60988993118429e-06,0
2015-12-01 06:00:00,100,0,HistGradientBoosting,9.79355301963006e-06,0
2015-12-01 07:00:00,100,0,HistGradientBoosting,9.563435413136132e-06,0
2015-12-01 08:00:00,100,0,HistGradientBoosting,9.119787168943867e-06,0
2015-12-01 09:00:00,100,0,HistGradientBoosting,9.119787168943867e-06,0
2015-12-01 10:00:00,100,0,HistGradientBoosting,9.119787168943867e-06,0
2015-12-01 11:00:00,100,0,HistGradientBoosting,9.757361233715991e-06,0
2015-12-01 12:00:00,100,0,HistGradientBoosting,9.616074566361523e-06,0
2015-12-01 13:00:00,100,0,HistGradientBoosting,8.948759414109405e-06,0
2015-12-01 14:00:00,100,0,HistGradientBoosting,9.616074566361523e-06,0
2015-12-01 15:00:00,100,0,HistGradientBoosting,9.119787168943867e-06,0
2015-12-01 16:00:00,100,0,HistGradientBoosting,9.119787168943867e-06,0
2015-12-01 17:00:00,100,0,HistGradientBoosting,9.119787168943867e-06,0
2015-12-01 18:00:00,100,0,HistGradientBoosting,8.640313039761902e-06,0
2015-12-01 19:00:00,100,0,HistGradientBoosting,8.478277017633737e-06,0
2015-12-01 20:00:00,100,0,HistGradientBoosting,8.642124128411644e-06,0
2015-12-01 21:00:00,100,0,HistGradientBoosting,8.948759414109405e-06,0
2015-12-01 22:00:00,100,0,HistGradientBoosting,9.57437686029036e-06,0
2015-12-01 23:00:00,100,0,HistGradientBoosting,9.119787168943867e-06,0
2015-12-02 00:00:00,100,0,HistGradientBoosting,9.12169875884028e-06,0
2015-12-02 01:00:00,100,0,HistGradientBoosting,9.119787168943867e-06,0
2015-12-02 02:00:00,100,0,HistGradientBoosting,9.12169875884028e-06,0
2015-12-02 03:00:00,100,0,HistGradientBoosting,9.12169875884028e-06,0
2015-12-02 04:00:00,100,0,HistGradientBoosting,9.119787168943867e-06,0
2015-12-02 05:00:00,100,0,HistGradientBoosting,9.520320466465371e-06,0
2015-12-02 06:00:00,100,0,HistGradientBoosting,8.948759414109405e-06,0
2015-12-02 07:00:00,100,0,HistGradientBoosting,8.948759414109405e-06,0
2015-12-02 08:00:00,100,0,HistGradientBoosting,9.522316010965074e-06,0
2015-12-02 09:00:00,100,0,HistGradientBoosting,9.341781388241108e-06,0
2015-12-02 10:00:00,100,0,HistGradientBoosting,1.0166306161130652e-05,0
2015-12-02 11:00:00,100,0,HistGradientBoosting,9.806812904365216e-06,0
2015-12-02 12:00:00,100,0,HistGradientBoosting,9.363057207868962e-06,0
2015-12-02 13:00:00,100,0,HistGradientBoosting,9.18746733491173e-06,0
2015-12-02 14:00:00,100,0,HistGradientBoosting,9.365019788888833e-06,0
2015-12-02 15:00:00,100,0,HistGradientBoosting,9.18746733491173e-06,0
2015-12-02 16:00:00,100,0,HistGradientBoosting,8.948759414109405e-06,0
2015-12-02 17:00:00,100,0,HistGradientBoosting,9.616074566361523e-06,0
2015-12-02 18:00:00,100,0,HistGradientBoosting,1.0291698731550467e-05,0
2015-12-02 19:00:00,100,0,HistGradientBoosting,9.774274614205927e-06,0
2015-12-02 20:00:00,100,0,HistGradientBoosting,1.0252963581549293e-05,0
2015-12-02 21:00:00,100,0,HistGradientBoosting,9.294601300848807e-06,0
2015-12-02 22:00:00,100,0,HistGradientBoosting,9.29654953302814e-06,0
2015-12-02 23:00:00,100,0,HistGradientBoosting,8.862513098786795e-06,0
2015-12-03 00:00:00,100,0,HistGradientBoosting,8.63224803580713e-06,0
2015-12-03 01:00:00,100,0,HistGradientBoosting,8.63224803580713e-06,0
2015-12-03 02:00:00,100,0,HistGradientBoosting,8.948759414109405e-06,0
2015-12-03 03:00:00,100,0,HistGradientBoosting,9.12169875884028e-06,0
2015-12-03 04:00:00,100,0,HistGradientBoosting,8.948759414109405e-06,0
2015-12-03 05:00:00,100,0,HistGradientBoosting,8.948759414109405e-06,0
2015-12-03 06:00:00,100,0,HistGradientBoosting,9.616074566361523e-06,0
2015-12-03 07:00:00,100,0,HistGradientBoosting,9.757361233715991e-06,0
2015-12-03 08:00:00,100,0,HistGradientBoosting,9.111274620380813e-06,0
2015-12-03 09:00:00,100,0,HistGradientBoosting,8.608579453695966e-06,0
2015-12-03 10:00:00,100,0,HistGradientBoosting,9.81034307405273e-06,0
2015-12-03 11:00:00,100,0,HistGradientBoosting,8.838213163248486e-06,0
2015-12-03 12:00:00,100,0,HistGradientBoosting,9.18746733491173e-06,0
2015-12-03 13:00:00,100,0,HistGradientBoosting,9.363057207868962e-06,0
2015-12-03 14:00:00,100,0,HistGradientBoosting,9.365019788888833e-06,0
2015-12-03 15:00:00,100,0,HistGradientBoosting,1.0326505532284256e-05,0
2015-12-03 16:00:00,100,0,HistGradientBoosting,9.119787168943867e-06,0
2015-12-03 17:00:00,100,0,HistGradientBoosting,8.948759414109405e-06,0
2015-12-03 18:00:00,100,0,HistGradientBoosting,8.948759414109405e-06,0
2015-12-03 19:00:00,100,0,HistGradientBoosting,9.119787168943867e-06,0
2015-12-03 20:00:00,100,0,HistGradientBoosting,9.520320466465371e-06,0
2015-12-03 21:00:00,100,0,HistGradientBoosting,9.109365215000327e-06,0
2015-12-03 22:00:00,100,0,HistGradientBoosting,9.111274620380813e-06,0
2015-12-03 23:00:00,100,0,HistGradientBoosting,9.109365215000327e-06,0
2015-12-04 00:00:00,100,0,HistGradientBoosting,9.109365215000327e-06,0
2015-12-04 01:00:00,100,0,HistGradientBoosting,9.520320466465371e-06,0
2015-12-04 02:00:00,100,0,HistGradientBoosting,2.2293285682487976e-05,0
2015-12-04 03:00:00,100,0,HistGradientBoosting,1.9896999792111717e-05,0
2015-12-04 04:00:00,100,0,HistGradientBoosting,2.251851461105274e-05,0
2015-12-04 05:00:00,100,0,HistGradientBoosting,2.1160176885540087e-05,0
2015-12-04 06:00:00,100,0,HistGradientBoosting,1.5489936043387478e-05,0
2015-12-04 07:00:00,100,0,HistGradientBoosting,1.3512050695693554e-05,0
2015-12-04 08:00:00,100,0,HistGradientBoosting,1.685084040988553e-05,0
2015-12-04 09:00:00,100,0,HistGradientBoosting,1.814035278909319e-05,0
2015-12-04 10:00:00,100,0,HistGradientBoosting,1.482406684761237e-05,0
2015-12-04 11:00:00,100,0,HistGradientBoosting,1.8000914085988834e-05,0
2015-12-04 12:00:00,100,0,HistGradientBoosting,1.972409959024522e-05,0
2015-12-04 13:00:00,100,0,HistGradientBoosting,1.5444168595744292e-05,0
2015-12-04 14:00:00,100,0,HistGradientBoosting,1.574263306318837e-05,0
2015-12-04 15:00:00,100,0,HistGradientBoosting,1.882443234044419e-05,0
2015-12-04 16:00:00,100,0,HistGradientBoosting,1.711024868559651e-05,0
2015-12-04 17:00:00,100,0,HistGradientBoosting,1.789179460379829e-05,0
2015-12-04 18:00:00,100,0,HistGradientBoosting,1.9042670700580084e-05,0
2015-12-04 19:00:00,100,0,HistGradientBoosting,2.0501278533680443e-05,0
2015-12-04 20:00:00,100,0,HistGradientBoosting,1.3525259189957366e-05,0
2015-12-04 21:00:00,100,0,HistGradientBoosting,1.7744273977774206e-05,0
2015-12-04 22:00:00,100,0,HistGradientBoosting,1.77809995320164e-05,0
2015-12-04 23:00:00,100,0,HistGradientBoosting,2.03636436207069e-05,0
2015-12-05 00:00:00,100,0,HistGradientBoosting,1.909602663366068e-05,0
2015-12-05 01:00:00,100,0,HistGradientBoosting,2.4785353107835856e-05,0
2015-12-05 02:00:00,100,0,HistGradientBoosting,1.0255696262715676e-05,0
2015-12-05 03:00:00,100,0,HistGradientBoosting,1.04538925653024e-05,0
2015-12-05 04:00:00,100,0,HistGradientBoosting,1.0451701796968812e-05,0
2015-12-05 05:00:00,100,0,HistGradientBoosting,1.0451701796968812e-05,0
2015-12-05 06:00:00,100,0,HistGradientBoosting,1.0451701796968812e-05,0
2015-12-05 07:00:00,100,0,HistGradientBoosting,1.0451701796968812e-05,0
2015-12-05 08:00:00,100,0,HistGradientBoosting,1.04538925653024e-05,0
2015-12-05 09:00:00,100,0,HistGradientBoosting,1.0451701796968812e-05,0
2015-12-05 10:00:00,100,0,HistGradientBoosting,1.1191293571655406e-05,0
2015-12-05 11:00:00,100,0,HistGradientBoosting,1.013538551729616e-05,0
2015-12-05 12:00:00,100,0,HistGradientBoosting,9.94531194761505e-06,0
2015-12-05 13:00:00,100,0,HistGradientBoosting,9.94531194761505e-06,0
2015-12-05 14:00:00,100,0,HistGradientBoosting,1.0979116969629642e-05,0
2015-12-05 15:00:00,100,0,HistGradientBoosting,1.0979116969629642e-05,0
2015-12-05 16:00:00,100,0,HistGradientBoosting,1.0979116969629642e-05,0
2015-12-05 17:00:00,100,0,HistGradientBoosting,1.118894827172623e-05,0
2015-12-05 18:00:00,100,0,HistGradientBoosting,1.0137509983636328e-05,0
2015-12-05 19:00:00,100,0,HistGradientBoosting,1.013538551729616e-05,0
2015-12-05 20:00:00,100,0,HistGradientBoosting,1.1530408237525798e-05,0
2015-12-05 21:00:00,100,0,HistGradientBoosting,9.710430564820995e-06,0
2015-12-05 22:00:00,100,0,HistGradientBoosting,9.710430564820995e-06,0
2015-12-05 23:00:00,100,0,HistGradientBoosting,1.0217811968966077e-05,0
2015-12-06 00:00:00,100,0,HistGradientBoosting,1.0249287775055555e-05,0
2015-12-06 01:00:00,100,0,HistGradientBoosting,1.0620553186421255e-05,0
2015-12-06 02:00:00,100,0,HistGradientBoosting,9.579991731561569e-06,0
2015-12-06 03:00:00,100,0,HistGradientBoosting,1.0249738859227601e-05,0
2015-12-06 04:00:00,100,0,HistGradientBoosting,9.579991731561569e-06,0
2015-12-06 05:00:00,100,0,HistGradientBoosting,9.579991731561569e-06,0
2015-12-06 06:00:00,100,0,HistGradientBoosting,1.21763135108709e-05,0
2015-12-06 07:00:00,100,0,HistGradientBoosting,1.3036686132911248e-05,0
2015-12-06 08:00:00,100,0,HistGradientBoosting,1.2473944928871871e-05,0
2015-12-06 09:00:00,100,0,HistGradientBoosting,1.165071069302482e-05,0
2015-12-06 10:00:00,100,0,HistGradientBoosting,1.1648269116612098e-05,0
2015-12-06 11:00:00,100,0,HistGradientBoosting,1.165071069302482e-05,0
2015-12-06 12:00:00,100,0,HistGradientBoosting,1.165071069302482e-05,0
2015-12-06 13:00:00,100,0,HistGradientBoosting,1.165071069302482e-05,0
2015-12-06 14:00:00,100,0,HistGradientBoosting,1.1664040146664265e-05,0
2015-12-06 15:00:00,100,0,HistGradientBoosting,1.1648269116612098e-05,0
2015-12-06 16:00:00,100,0,HistGradientBoosting,1.1429824065751604e-05,0
2015-12-06 17:00:00,100,0,HistGradientBoosting,1.2473944928871871e-05,0
2015-12-06 18:00:00,100,0,HistGradientBoosting,1.224001581035256e-05,0
2015-12-06 19:00:00,100,0,HistGradientBoosting,1.224001581035256e-05,0
2015-12-06 20:00:00,100,0,HistGradientBoosting,1.224001581035256e-05,0
2015-12-06 21:00:00,100,0,HistGradientBoosting,1.1429824065751604e-05,0
2015-12-06 22:00:00,100,0,HistGradientBoosting,1.1429824065751604e-05,0
2015-12-06 23:00:00,100,0,HistGradientBoosting,1.1648269116612098e-05,0
2015-12-07 00:00:00,100,0,HistGradientBoosting,1.1599214736417297e-05,0
2015-12-07 01:00:00,100,0,HistGradientBoosting,9.00672462483587e-06,0
2015-12-07 02:00:00,100,0,HistGradientBoosting,9.017029149536817e-06,0
2015-12-07 03:00:00,100,0,HistGradientBoosting,9.008612516013669e-06,0
2015-12-07 04:00:00,100,0,HistGradientBoosting,9.507724637385108e-06,0
2015-12-07 05:00:00,100,0,HistGradientBoosting,9.350446649137157e-06,0
2015-12-07 06:00:00,100,0,HistGradientBoosting,1.0841289967693796e-05,0
2015-12-07 07:00:00,100,0,HistGradientBoosting,1.1050803027483011e-05,0
2015-12-07 08:00:00,100,0,HistGradientBoosting,1.0841289967693796e-05,0
2015-12-07 09:00:00,100,0,HistGradientBoosting,1.1661595776902629e-05,0
2015-12-07 10:00:00,100,0,HistGradientBoosting,1.1661595776902629e-05,0
2015-12-07 11:00:00,100,0,HistGradientBoosting,1.2084019355213729e-05,0
2015-12-07 12:00:00,100,0,HistGradientBoosting,1.1661595776902629e-05,0
2015-12-07 13:00:00,100,0,HistGradientBoosting,1.2084019355213729e-05,0
2015-12-07 14:00:00,100,0,HistGradientBoosting,1.076951433270222e-05,0
2015-12-07 15:00:00,100,0,HistGradientBoosting,1.0393041702324796e-05,0
2015-12-07 16:00:00,100,0,HistGradientBoosting,1.076951433270222e-05,0
2015-12-07 17:00:00,100,0,HistGradientBoosting,1.0059904332312971e-05,0
2015-12-07 18:00:00,100,0,HistGradientBoosting,9.70823747697464e-06,0
2015-12-07 19:00:00,100,0,HistGradientBoosting,9.212337898231345e-06,0
2015-12-07 20:00:00,100,0,HistGradientBoosting,1.0387405140308177e-05,0
2015-12-07 21:00:00,100,0,HistGradientBoosting,9.711626098031065e-06,0
2015-12-07 22:00:00,100,0,HistGradientBoosting,9.212337898231345e-06,0
2015-12-07 23:00:00,100,0,HistGradientBoosting,8.890299393505457e-06,0
2015-12-08 00:00:00,100,0,HistGradientBoosting,8.890299393505457e-06,0
2015-12-08 01:00:00,100,0,HistGradientBoosting,1.128779677866657e-05,0
2015-12-08 02:00:00,100,0,HistGradientBoosting,1.0893206615391492e-05,0
2015-12-08 03:00:00,100,0,HistGradientBoosting,1.1899568889559327e-05,0
2015-12-08 04:00:00,100,0,HistGradientBoosting,1.2885682215110143e-05,0
2015-12-08 05:00:00,100,0,HistGradientBoosting,1.1731499932931865e-05,0
2015-12-08 06:00:00,100,1,HistGradientBoosting,0.999984237641912,1
2015-12-08 07:00:00,100,1,HistGradientBoosting,0.9999857557658719,1
2015-12-08 08:00:00,100,1,HistGradientBoosting,0.9999857557658719,1
2015-12-08 09:00:00,100,1,HistGradientBoosting,0.9999857557658719,1
2015-12-08 10:00:00,100,1,HistGradientBoosting,0.9999857557658719,1
2015-12-08 11:00:00,100,1,HistGradientBoosting,0.999985262752357,1
2015-12-08 12:00:00,100,1,HistGradientBoosting,0.9999857557658719,1
2015-12-08 13:00:00,100,1,HistGradientBoosting,0.9999857557658719,1
2015-12-08 14:00:00,100,1,HistGradientBoosting,0.9999857557658719,1
2015-12-08 15:00:00,100,1,HistGradientBoosting,0.99998549669575,1
2015-12-08 16:00:00,100,1,HistGradientBoosting,0.99998549669575,1
2015-12-08 17:00:00,100,1,HistGradientBoosting,0.99998549669575,1
2015-12-08 18:00:00,100,1,HistGradientBoosting,0.99998549669575,1
2015-12-08 19:00:00,100,1,HistGradientBoosting,0.9999857557658719,1
2015-12-08 20:00:00,100,1,HistGradientBoosting,0.9999857557658719,1
2015-12-08 21:00:00,100,1,HistGradientBoosting,0.999985236246453,1
2015-12-08 22:00:00,100,1,HistGradientBoosting,0.9999857557658719,1
2015-12-08 23:00:00,100,1,HistGradientBoosting,0.99998549669575,1
2015-12-09 00:00:00,100,1,HistGradientBoosting,0.99998549669575,1
2015-12-09 01:00:00,100,1,HistGradientBoosting,0.99998549669575,1
2015-12-09 02:00:00,100,1,HistGradientBoosting,0.99998549669575,1
2015-12-09 03:00:00,100,1,HistGradientBoosting,0.99998549669575,1
2015-12-09 04:00:00,100,1,HistGradientBoosting,0.99998549669575,1
2015-12-09 05:00:00,100,1,HistGradientBoosting,0.9999854881489714,1
2015-12-09 06:00:00,100,0,HistGradientBoosting,6.64623677722126e-06,0
2015-12-09 07:00:00,100,0,HistGradientBoosting,6.64623677722126e-06,0
2015-12-09 08:00:00,100,0,HistGradientBoosting,6.64623677722126e-06,0
2015-12-09 09:00:00,100,0,HistGradientBoosting,6.64623677722126e-06,0
2015-12-09 10:00:00,100,0,HistGradientBoosting,6.64623677722126e-06,0
2015-12-09 11:00:00,100,0,HistGradientBoosting,6.64623677722126e-06,0
2015-12-09 12:00:00,100,0,HistGradientBoosting,6.64623677722126e-06,0
2015-12-09 13:00:00,100,0,HistGradientBoosting,6.64623677722126e-06,0
2015-12-09 14:00:00,100,0,HistGradientBoosting,6.64623677722126e-06,0
2015-12-09 15:00:00,100,0,HistGradientBoosting,6.64623677722126e-06,0
2015-12-09 16:00:00,100,0,HistGradientBoosting,6.64623677722126e-06,0
2015-12-09 17:00:00,100,0,HistGradientBoosting,6.64623677722126e-06,0
2015-12-09 18:00:00,100,0,HistGradientBoosting,6.64623677722126e-06,0
2015-12-09 19:00:00,100,0,HistGradientBoosting,6.64623677722126e-06,0
2015-12-09 20:00:00,100,0,HistGradientBoosting,6.64623677722126e-06,0
2015-12-09 21:00:00,100,0,HistGradientBoosting,6.64623677722126e-06,0
2015-12-09 22:00:00,100,0,HistGradientBoosting,6.64623677722126e-06,0
2015-12-09 23:00:00,100,0,HistGradientBoosting,6.64623677722126e-06,0
2015-12-10 00:00:00,100,0,HistGradientBoosting,6.64623677722126e-06,0
2015-12-10 01:00:00,100,0,HistGradientBoosting,6.64623677722126e-06,0
2015-12-10 02:00:00,100,0,HistGradientBoosting,6.64623677722126e-06,0
2015-12-10 03:00:00,100,0,HistGradientBoosting,6.64623677722126e-06,0
2015-12-10 04:00:00,100,0,HistGradientBoosting,6.64623677722126e-06,0
2015-12-10 05:00:00,100,0,HistGradientBoosting,6.64623677722126e-06,0
2015-12-10 06:00:00,100,0,HistGradientBoosting,6.64623677722126e-06,0
2015-12-10 07:00:00,100,0,HistGradientBoosting,6.64623677722126e-06,0
2015-12-10 08:00:00,100,0,HistGradientBoosting,6.64623677722126e-06,0
2015-12-10 09:00:00,100,0,HistGradientBoosting,6.64623677722126e-06,0
2015-12-10 10:00:00,100,0,HistGradientBoosting,6.64623677722126e-06,0
2015-12-10 11:00:00,100,0,HistGradientBoosting,6.64623677722126e-06,0
2015-12-10 12:00:00,100,0,HistGradientBoosting,6.64623677722126e-06,0
2015-12-10 13:00:00,100,0,HistGradientBoosting,6.64623677722126e-06,0
2015-12-10 14:00:00,100,0,HistGradientBoosting,6.64623677722126e-06,0
2015-12-10 15:00:00,100,0,HistGradientBoosting,6.64623677722126e-06,0
2015-12-10 16:00:00,100,0,HistGradientBoosting,6.64623677722126e-06,0
2015-12-10 17:00:00,100,0,HistGradientBoosting,6.64623677722126e-06,0
2015-12-10 18:00:00,100,0,HistGradientBoosting,6.64623677722126e-06,0
2015-12-10 19:00:00,100,0,HistGradientBoosting,6.64623677722126e-06,0
2015-12-10 20:00:00,100,0,HistGradientBoosting,6.64623677722126e-06,0
2015-12-10 21:00:00,100,0,HistGradientBoosting,6.64623677722126e-06,0
2015-12-10 22:00:00,100,0,HistGradientBoosting,6.64623677722126e-06,0
2015-12-10 23:00:00,100,0,HistGradientBoosting,6.64623677722126e-06,0
2015-12-11 00:00:00,100,0,HistGradientBoosting,6.64623677722126e-06,0
2015-12-11 01:00:00,100,0,HistGradientBoosting,6.64623677722126e-06,0
2015-12-11 02:00:00,100,0,HistGradientBoosting,6.64623677722126e-06,0
2015-12-11 03:00:00,100,0,HistGradientBoosting,6.64623677722126e-06,0
2015-12-11 04:00:00,100,0,HistGradientBoosting,6.64623677722126e-06,0
2015-12-11 05:00:00,100,0,HistGradientBoosting,6.64623677722126e-06,0
2015-12-11 06:00:00,100,0,HistGradientBoosting,6.64623677722126e-06,0
2015-12-11 07:00:00,100,0,HistGradientBoosting,6.64623677722126e-06,0
2015-12-11 08:00:00,100,0,HistGradientBoosting,6.64623677722126e-06,0
2015-12-11 09:00:00,100,0,HistGradientBoosting,6.64623677722126e-06,0
2015-12-11 10:00:00,100,0,HistGradientBoosting,6.64623677722126e-06,0
2015-12-11 11:00:00,100,0,HistGradientBoosting,6.64623677722126e-06,0
2015-12-11 12:00:00,100,0,HistGradientBoosting,6.64623677722126e-06,0
2015-12-11 13:00:00,100,0,HistGradientBoosting,6.64623677722126e-06,0
2015-12-11 14:00:00,100,0,HistGradientBoosting,6.64623677722126e-06,0
2015-12-11 15:00:00,100,0,HistGradientBoosting,6.64623677722126e-06,0
2015-12-11 16:00:00,100,0,HistGradientBoosting,6.64623677722126e-06,0
2015-12-11 17:00:00,100,0,HistGradientBoosting,6.64623677722126e-06,0
2015-12-11 18:00:00,100,0,HistGradientBoosting,6.64623677722126e-06,0
2015-12-11 19:00:00,100,0,HistGradientBoosting,6.64623677722126e-06,0
2015-12-11 20:00:00,100,0,HistGradientBoosting,6.64623677722126e-06,0
2015-12-11 21:00:00,100,0,HistGradientBoosting,6.64623677722126e-06,0
2015-12-11 22:00:00,100,0,HistGradientBoosting,6.64623677722126e-06,0
2015-12-11 23:00:00,100,0,HistGradientBoosting,6.64623677722126e-06,0
2015-12-12 00:00:00,100,0,HistGradientBoosting,6.64623677722126e-06,0
2015-12-12 01:00:00,100,0,HistGradientBoosting,6.64623677722126e-06,0
2015-12-12 02:00:00,100,0,HistGradientBoosting,6.64623677722126e-06,0
2015-12-12 03:00:00,100,0,HistGradientBoosting,6.64623677722126e-06,0
2015-12-12 04:00:00,100,0,HistGradientBoosting,6.64623677722126e-06,0
2015-12-12 05:00:00,100,0,HistGradientBoosting,6.64623677722126e-06,0
2015-12-12 06:00:00,100,0,HistGradientBoosting,6.64623677722126e-06,0
2015-12-12 07:00:00,100,0,HistGradientBoosting,6.64623677722126e-06,0
2015-12-12 08:00:00,100,0,HistGradientBoosting,6.64623677722126e-06,0
2015-12-12 09:00:00,100,0,HistGradientBoosting,6.64623677722126e-06,0
2015-12-12 10:00:00,100,0,HistGradientBoosting,6.64623677722126e-06,0
2015-12-12 11:00:00,100,0,HistGradientBoosting,6.64623677722126e-06,0
2015-12-12 12:00:00,100,0,HistGradientBoosting,6.64623677722126e-06,0
2015-12-12 13:00:00,100,0,HistGradientBoosting,6.64623677722126e-06,0
2015-12-12 14:00:00,100,0,HistGradientBoosting,6.64623677722126e-06,0
2015-12-12 15:00:00,100,0,HistGradientBoosting,6.64623677722126e-06,0
2015-12-12 16:00:00,100,0,HistGradientBoosting,6.64623677722126e-06,0
2015-12-12 17:00:00,100,0,HistGradientBoosting,6.64623677722126e-06,0
2015-12-12 18:00:00,100,0,HistGradientBoosting,6.64623677722126e-06,0
2015-12-12 19:00:00,100,0,HistGradientBoosting,6.64623677722126e-06,0
2015-12-12 20:00:00,100,0,HistGradientBoosting,6.64623677722126e-06,0
2015-12-12 21:00:00,100,0,HistGradientBoosting,6.64623677722126e-06,0
2015-12-12 22:00:00,100,0,HistGradientBoosting,6.64623677722126e-06,0
2015-12-12 23:00:00,100,0,HistGradientBoosting,6.64623677722126e-06,0
2015-12-13 00:00:00,100,0,HistGradientBoosting,6.64623677722126e-06,0
2015-12-13 01:00:00,100,0,HistGradientBoosting,6.64623677722126e-06,0
2015-12-13 02:00:00,100,0,HistGradientBoosting,6.64623677722126e-06,0
2015-12-13 03:00:00,100,0,HistGradientBoosting,6.64623677722126e-06,0
2015-12-13 04:00:00,100,0,HistGradientBoosting,6.64623677722126e-06,0
2015-12-13 05:00:00,100,0,HistGradientBoosting,6.64623677722126e-06,0
2015-12-13 06:00:00,100,0,HistGradientBoosting,6.64623677722126e-06,0
2015-12-13 07:00:00,100,0,HistGradientBoosting,6.64623677722126e-06,0
2015-12-13 08:00:00,100,0,HistGradientBoosting,6.64623677722126e-06,0
2015-12-13 09:00:00,100,0,HistGradientBoosting,6.64623677722126e-06,0
2015-12-13 10:00:00,100,0,HistGradientBoosting,6.64623677722126e-06,0
2015-12-13 11:00:00,100,0,HistGradientBoosting,6.64623677722126e-06,0
2015-12-13 12:00:00,100,0,HistGradientBoosting,6.64623677722126e-06,0
2015-12-13 13:00:00,100,0,HistGradientBoosting,6.64623677722126e-06,0
2015-12-13 14:00:00,100,0,HistGradientBoosting,6.64623677722126e-06,0
2015-12-13 15:00:00,100,0,HistGradientBoosting,6.64623677722126e-06,0
2015-12-13 16:00:00,100,0,HistGradientBoosting,6.64623677722126e-06,0
2015-12-13 17:00:00,100,0,HistGradientBoosting,6.64623677722126e-06,0
2015-12-13 18:00:00,100,0,HistGradientBoosting,6.64623677722126e-06,0
2015-12-13 19:00:00,100,0,HistGradientBoosting,6.64623677722126e-06,0
2015-12-13 20:00:00,100,0,HistGradientBoosting,6.64623677722126e-06,0
2015-12-13 21:00:00,100,0,HistGradientBoosting,6.64623677722126e-06,0
2015-12-13 22:00:00,100,0,HistGradientBoosting,6.64623677722126e-06,0
2015-12-13 23:00:00,100,0,HistGradientBoosting,6.64623677722126e-06,0
2015-12-14 00:00:00,100,0,HistGradientBoosting,6.64623677722126e-06,0
2015-12-14 01:00:00,100,0,HistGradientBoosting,6.64623677722126e-06,0
2015-12-14 02:00:00,100,0,HistGradientBoosting,6.64623677722126e-06,0
2015-12-14 03:00:00,100,0,HistGradientBoosting,6.64623677722126e-06,0
2015-12-14 04:00:00,100,0,HistGradientBoosting,6.64623677722126e-06,0
2015-12-14 05:00:00,100,0,HistGradientBoosting,6.64623677722126e-06,0
2015-12-14 06:00:00,100,0,HistGradientBoosting,6.64623677722126e-06,0
2015-12-14 07:00:00,100,0,HistGradientBoosting,6.64623677722126e-06,0
2015-12-14 08:00:00,100,0,HistGradientBoosting,6.64623677722126e-06,0
2015-12-14 09:00:00,100,0,HistGradientBoosting,6.64623677722126e-06,0
2015-12-14 10:00:00,100,0,HistGradientBoosting,6.64623677722126e-06,0
2015-12-14 11:00:00,100,0,HistGradientBoosting,6.64623677722126e-06,0
2015-12-14 12:00:00,100,0,HistGradientBoosting,6.64623677722126e-06,0
2015-12-14 13:00:00,100,0,HistGradientBoosting,6.64623677722126e-06,0
2015-12-14 14:00:00,100,0,HistGradientBoosting,6.64623677722126e-06,0
2015-12-14 15:00:00,100,0,HistGradientBoosting,6.64623677722126e-06,0
2015-12-14 16:00:00,100,0,HistGradientBoosting,6.64623677722126e-06,0
2015-12-14 17:00:00,100,0,HistGradientBoosting,6.64623677722126e-06,0
2015-12-14 18:00:00,100,0,HistGradientBoosting,6.64623677722126e-06,0
2015-12-14 19:00:00,100,0,HistGradientBoosting,6.64623677722126e-06,0
2015-12-14 20:00:00,100,0,HistGradientBoosting,6.64623677722126e-06,0
2015-12-14 21:00:00,100,0,HistGradientBoosting,6.64623677722126e-06,0
2015-12-14 22:00:00,100,0,HistGradientBoosting,6.64623677722126e-06,0
2015-12-14 23:00:00,100,0,HistGradientBoosting,6.64623677722126e-06,0
2015-12-15 00:00:00,100,0,HistGradientBoosting,6.64623677722126e-06,0
2015-12-15 01:00:00,100,0,HistGradientBoosting,6.64623677722126e-06,0
2015-12-15 02:00:00,100,0,HistGradientBoosting,6.64623677722126e-06,0
2015-12-15 03:00:00,100,0,HistGradientBoosting,6.64623677722126e-06,0
2015-12-15 04:00:00,100,0,HistGradientBoosting,6.64623677722126e-06,0
2015-12-15 05:00:00,100,0,HistGradientBoosting,6.64623677722126e-06,0
2015-12-15 06:00:00,100,0,HistGradientBoosting,6.64623677722126e-06,0
2015-12-15 07:00:00,100,0,HistGradientBoosting,6.64623677722126e-06,0
2015-12-15 08:00:00,100,0,HistGradientBoosting,6.64623677722126e-06,0
2015-12-15 09:00:00,100,0,HistGradientBoosting,6.64623677722126e-06,0
2015-12-15 10:00:00,100,0,HistGradientBoosting,6.64623677722126e-06,0
2015-12-15 11:00:00,100,0,HistGradientBoosting,6.64623677722126e-06,0
2015-12-15 12:00:00,100,0,HistGradientBoosting,6.64623677722126e-06,0
2015-12-15 13:00:00,100,0,HistGradientBoosting,6.64623677722126e-06,0
2015-12-15 14:00:00,100,0,HistGradientBoosting,6.64623677722126e-06,0
2015-12-15 15:00:00,100,0,HistGradientBoosting,6.64623677722126e-06,0
2015-12-15 16:00:00,100,0,HistGradientBoosting,6.64623677722126e-06,0
2015-12-15 17:00:00,100,0,HistGradientBoosting,6.64623677722126e-06,0
2015-12-15 18:00:00,100,0,HistGradientBoosting,6.64623677722126e-06,0
2015-12-15 19:00:00,100,0,HistGradientBoosting,6.64623677722126e-06,0
2015-12-15 20:00:00,100,0,HistGradientBoosting,6.64623677722126e-06,0
2015-12-15 21:00:00,100,0,HistGradientBoosting,6.64623677722126e-06,0
2015-12-15 22:00:00,100,0,HistGradientBoosting,6.64623677722126e-06,0
2015-12-15 23:00:00,100,0,HistGradientBoosting,6.64623677722126e-06,0
2015-12-16 00:00:00,100,0,HistGradientBoosting,6.64623677722126e-06,0
2015-12-16 01:00:00,100,0,HistGradientBoosting,6.64623677722126e-06,0
2015-12-16 02:00:00,100,0,HistGradientBoosting,6.64623677722126e-06,0
2015-12-16 03:00:00,100,0,HistGradientBoosting,6.64623677722126e-06,0
2015-12-16 04:00:00,100,0,HistGradientBoosting,6.64623677722126e-06,0
2015-12-16 05:00:00,100,0,HistGradientBoosting,6.64623677722126e-06,0
2015-12-16 06:00:00,100,0,HistGradientBoosting,6.64623677722126e-06,0
2015-12-16 07:00:00,100,0,HistGradientBoosting,6.64623677722126e-06,0
2015-12-16 08:00:00,100,0,HistGradientBoosting,6.64623677722126e-06,0
2015-12-16 09:00:00,100,0,HistGradientBoosting,6.64623677722126e-06,0
2015-12-16 10:00:00,100,0,HistGradientBoosting,6.64623677722126e-06,0
2015-12-16 11:00:00,100,0,HistGradientBoosting,6.64623677722126e-06,0
2015-12-16 12:00:00,100,0,HistGradientBoosting,6.64623677722126e-06,0
2015-12-16 13:00:00,100,0,HistGradientBoosting,6.64623677722126e-06,0
2015-12-16 14:00:00,100,0,HistGradientBoosting,6.64623677722126e-06,0
2015-12-16 15:00:00,100,0,HistGradientBoosting,6.64623677722126e-06,0
2015-12-16 16:00:00,100,0,HistGradientBoosting,6.64623677722126e-06,0
2015-12-16 17:00:00,100,0,HistGradientBoosting,6.64623677722126e-06,0
2015-12-16 18:00:00,100,0,HistGradientBoosting,6.64623677722126e-06,0
2015-12-16 19:00:00,100,0,HistGradientBoosting,6.64623677722126e-06,0
2015-12-16 20:00:00,100,0,HistGradientBoosting,6.64623677722126e-06,0
2015-12-16 21:00:00,100,0,HistGradientBoosting,6.64623677722126e-06,0
2015-12-16 22:00:00,100,0,HistGradientBoosting,6.64623677722126e-06,0
2015-12-16 23:00:00,100,0,HistGradientBoosting,6.64623677722126e-06,0
2015-12-17 00:00:00,100,0,HistGradientBoosting,6.64623677722126e-06,0
2015-12-17 01:00:00,100,0,HistGradientBoosting,6.64623677722126e-06,0
2015-12-17 02:00:00,100,0,HistGradientBoosting,6.64623677722126e-06,0
2015-12-17 03:00:00,100,0,HistGradientBoosting,6.64623677722126e-06,0
2015-12-17 04:00:00,100,0,HistGradientBoosting,6.64623677722126e-06,0
2015-12-17 05:00:00,100,0,HistGradientBoosting,6.64623677722126e-06,0
2015-12-17 06:00:00,100,0,HistGradientBoosting,6.64623677722126e-06,0
2015-12-17 07:00:00,100,0,HistGradientBoosting,6.64623677722126e-06,0
2015-12-17 08:00:00,100,0,HistGradientBoosting,6.64623677722126e-06,0
2015-12-17 09:00:00,100,0,HistGradientBoosting,6.64623677722126e-06,0
2015-12-17 10:00:00,100,0,HistGradientBoosting,6.64623677722126e-06,0
2015-12-17 11:00:00,100,0,HistGradientBoosting,6.64623677722126e-06,0
2015-12-17 12:00:00,100,0,HistGradientBoosting,6.64623677722126e-06,0
2015-12-17 13:00:00,100,0,HistGradientBoosting,6.64623677722126e-06,0
2015-12-17 14:00:00,100,0,HistGradientBoosting,6.64623677722126e-06,0
2015-12-17 15:00:00,100,0,HistGradientBoosting,6.64623677722126e-06,0
2015-12-17 16:00:00,100,0,HistGradientBoosting,6.64623677722126e-06,0
2015-12-17 17:00:00,100,0,HistGradientBoosting,6.64623677722126e-06,0
2015-12-17 18:00:00,100,0,HistGradientBoosting,6.64623677722126e-06,0
2015-12-17 19:00:00,100,0,HistGradientBoosting,6.64623677722126e-06,0
2015-12-17 20:00:00,100,0,HistGradientBoosting,6.64623677722126e-06,0
2015-12-17 21:00:00,100,0,HistGradientBoosting,6.64623677722126e-06,0
2015-12-17 22:00:00,100,0,HistGradientBoosting,6.64623677722126e-06,0
2015-12-17 23:00:00,100,0,HistGradientBoosting,6.64623677722126e-06,0
2015-12-18 00:00:00,100,0,HistGradientBoosting,6.64623677722126e-06,0
2015-12-18 01:00:00,100,0,HistGradientBoosting,6.64623677722126e-06,0
2015-12-18 02:00:00,100,0,HistGradientBoosting,6.64623677722126e-06,0
2015-12-18 03:00:00,100,0,HistGradientBoosting,6.64623677722126e-06,0
2015-12-18 04:00:00,100,0,HistGradientBoosting,6.64623677722126e-06,0
2015-12-18 05:00:00,100,0,HistGradientBoosting,6.64623677722126e-06,0
2015-12-18 06:00:00,100,0,HistGradientBoosting,6.64623677722126e-06,0
2015-12-18 07:00:00,100,0,HistGradientBoosting,6.64623677722126e-06,0
2015-12-18 08:00:00,100,0,HistGradientBoosting,6.64623677722126e-06,0
2015-12-18 09:00:00,100,0,HistGradientBoosting,6.64623677722126e-06,0
2015-12-18 10:00:00,100,0,HistGradientBoosting,6.64623677722126e-06,0
2015-12-18 11:00:00,100,0,HistGradientBoosting,6.64623677722126e-06,0
2015-12-18 12:00:00,100,0,HistGradientBoosting,6.64623677722126e-06,0
2015-12-18 13:00:00,100,0,HistGradientBoosting,6.64623677722126e-06,0
2015-12-18 14:00:00,100,0,HistGradientBoosting,6.64623677722126e-06,0
2015-12-18 15:00:00,100,0,HistGradientBoosting,6.64623677722126e-06,0
2015-12-18 16:00:00,100,0,HistGradientBoosting,6.64623677722126e-06,0
2015-12-18 17:00:00,100,0,HistGradientBoosting,6.64623677722126e-06,0
2015-12-18 18:00:00,100,0,HistGradientBoosting,6.64623677722126e-06,0
2015-12-18 19:00:00,100,0,HistGradientBoosting,6.64623677722126e-06,0
2015-12-18 20:00:00,100,0,HistGradientBoosting,6.64623677722126e-06,0
2015-12-18 21:00:00,100,0,HistGradientBoosting,6.64623677722126e-06,0
2015-12-18 22:00:00,100,0,HistGradientBoosting,6.64623677722126e-06,0
2015-12-18 23:00:00,100,0,HistGradientBoosting,6.64623677722126e-06,0
2015-12-19 00:00:00,100,0,HistGradientBoosting,6.64623677722126e-06,0
2015-12-19 01:00:00,100,0,HistGradientBoosting,6.64623677722126e-06,0
2015-12-19 02:00:00,100,0,HistGradientBoosting,6.64623677722126e-06,0
2015-12-19 03:00:00,100,0,HistGradientBoosting,6.64623677722126e-06,0
2015-12-19 04:00:00,100,0,HistGradientBoosting,6.64623677722126e-06,0
2015-12-19 05:00:00,100,0,HistGradientBoosting,6.64623677722126e-06,0
2015-12-19 06:00:00,100,0,HistGradientBoosting,6.64623677722126e-06,0
2015-12-19 07:00:00,100,0,HistGradientBoosting,6.64623677722126e-06,0
2015-12-19 08:00:00,100,0,HistGradientBoosting,6.64623677722126e-06,0
2015-12-19 09:00:00,100,0,HistGradientBoosting,6.64623677722126e-06,0
2015-12-19 10:00:00,100,0,HistGradientBoosting,6.64623677722126e-06,0
2015-12-19 11:00:00,100,0,HistGradientBoosting,6.64623677722126e-06,0
2015-12-19 12:00:00,100,0,HistGradientBoosting,6.64623677722126e-06,0
2015-12-19 13:00:00,100,0,HistGradientBoosting,6.64623677722126e-06,0
2015-12-19 14:00:00,100,0,HistGradientBoosting,6.64623677722126e-06,0
2015-12-19 15:00:00,100,0,HistGradientBoosting,6.64623677722126e-06,0
2015-12-19 16:00:00,100,0,HistGradientBoosting,6.64623677722126e-06,0
2015-12-19 17:00:00,100,0,HistGradientBoosting,6.64623677722126e-06,0
2015-12-19 18:00:00,100,0,HistGradientBoosting,6.64623677722126e-06,0
2015-12-19 19:00:00,100,0,HistGradientBoosting,6.64623677722126e-06,0
2015-12-19 20:00:00,100,0,HistGradientBoosting,6.64623677722126e-06,0
2015-12-19 21:00:00,100,0,HistGradientBoosting,6.64623677722126e-06,0
2015-12-19 22:00:00,100,0,HistGradientBoosting,6.64623677722126e-06,0
2015-12-19 23:00:00,100,0,HistGradientBoosting,6.64623677722126e-06,0
2015-12-20 00:00:00,100,0,HistGradientBoosting,6.64623677722126e-06,0
2015-12-20 01:00:00,100,0,HistGradientBoosting,6.64623677722126e-06,0
2015-12-20 02:00:00,100,0,HistGradientBoosting,6.64623677722126e-06,0
2015-12-20 03:00:00,100,0,HistGradientBoosting,6.64623677722126e-06,0
2015-12-20 04:00:00,100,0,HistGradientBoosting,6.64623677722126e-06,0
2015-12-20 05:00:00,100,0,HistGradientBoosting,6.64623677722126e-06,0
2015-12-20 06:00:00,100,0,HistGradientBoosting,6.64623677722126e-06,0
2015-12-20 07:00:00,100,0,HistGradientBoosting,6.64623677722126e-06,0
2015-12-20 08:00:00,100,0,HistGradientBoosting,6.64623677722126e-06,0
2015-12-20 09:00:00,100,0,HistGradientBoosting,6.64623677722126e-06,0
2015-12-20 10:00:00,100,0,HistGradientBoosting,6.64623677722126e-06,0
2015-12-20 11:00:00,100,0,HistGradientBoosting,6.64623677722126e-06,0
2015-12-20 12:00:00,100,0,HistGradientBoosting,6.64623677722126e-06,0
2015-12-20 13:00:00,100,0,HistGradientBoosting,6.64623677722126e-06,0
2015-12-20 14:00:00,100,0,HistGradientBoosting,6.64623677722126e-06,0
2015-12-20 15:00:00,100,0,HistGradientBoosting,6.64623677722126e-06,0
2015-12-20 16:00:00,100,0,HistGradientBoosting,6.64623677722126e-06,0
2015-12-20 17:00:00,100,0,HistGradientBoosting,6.64623677722126e-06,0
2015-12-20 18:00:00,100,0,HistGradientBoosting,6.64623677722126e-06,0
2015-12-20 19:00:00,100,0,HistGradientBoosting,6.64623677722126e-06,0
2015-12-20 20:00:00,100,0,HistGradientBoosting,6.64623677722126e-06,0
2015-12-20 21:00:00,100,0,HistGradientBoosting,6.64623677722126e-06,0
2015-12-20 22:00:00,100,0,HistGradientBoosting,6.64623677722126e-06,0
2015-12-20 23:00:00,100,0,HistGradientBoosting,6.64623677722126e-06,0
2015-12-21 00:00:00,100,0,HistGradientBoosting,6.64623677722126e-06,0
2015-12-21 01:00:00,100,0,HistGradientBoosting,6.64623677722126e-06,0
2015-12-21 02:00:00,100,0,HistGradientBoosting,6.64623677722126e-06,0
2015-12-21 03:00:00,100,0,HistGradientBoosting,6.64623677722126e-06,0
2015-12-21 04:00:00,100,0,HistGradientBoosting,6.64623677722126e-06,0
2015-12-21 05:00:00,100,0,HistGradientBoosting,6.64623677722126e-06,0
2015-12-21 06:00:00,100,0,HistGradientBoosting,6.64623677722126e-06,0
2015-12-21 07:00:00,100,0,HistGradientBoosting,6.64623677722126e-06,0
2015-12-21 08:00:00,100,0,HistGradientBoosting,6.64623677722126e-06,0
2015-12-21 09:00:00,100,0,HistGradientBoosting,6.64623677722126e-06,0
2015-12-21 10:00:00,100,0,HistGradientBoosting,6.64623677722126e-06,0
2015-12-21 11:00:00,100,0,HistGradientBoosting,6.64623677722126e-06,0
2015-12-21 12:00:00,100,0,HistGradientBoosting,6.64623677722126e-06,0
2015-12-21 13:00:00,100,0,HistGradientBoosting,6.64623677722126e-06,0
2015-12-21 14:00:00,100,0,HistGradientBoosting,6.64623677722126e-06,0
2015-12-21 15:00:00,100,0,HistGradientBoosting,6.64623677722126e-06,0
2015-12-21 16:00:00,100,0,HistGradientBoosting,6.64623677722126e-06,0
2015-12-21 17:00:00,100,0,HistGradientBoosting,6.64623677722126e-06,0
2015-12-21 18:00:00,100,0,HistGradientBoosting,6.64623677722126e-06,0
2015-12-21 19:00:00,100,0,HistGradientBoosting,6.64623677722126e-06,0
2015-12-21 20:00:00,100,0,HistGradientBoosting,6.64623677722126e-06,0
2015-12-21 21:00:00,100,0,HistGradientBoosting,6.64623677722126e-06,0
2015-12-21 22:00:00,100,0,HistGradientBoosting,6.64623677722126e-06,0
2015-12-21 23:00:00,100,0,HistGradientBoosting,6.64623677722126e-06,0
2015-12-22 00:00:00,100,0,HistGradientBoosting,6.64623677722126e-06,0
2015-12-22 01:00:00,100,0,HistGradientBoosting,6.64623677722126e-06,0
2015-12-22 02:00:00,100,0,HistGradientBoosting,6.64623677722126e-06,0
2015-12-22 03:00:00,100,0,HistGradientBoosting,2.0676985366394057e-05,0
2015-12-22 04:00:00,100,0,HistGradientBoosting,2.2691861026134634e-05,0
2015-12-22 05:00:00,100,0,HistGradientBoosting,1.3246089655133354e-05,0
2015-12-22 06:00:00,100,0,HistGradientBoosting,1.4309984926529e-05,0
2015-12-22 07:00:00,100,0,HistGradientBoosting,1.5539779775347972e-05,0
2015-12-22 08:00:00,100,0,HistGradientBoosting,1.7040949195266616e-05,0
2015-12-22 09:00:00,100,0,HistGradientBoosting,1.8339164327472035e-05,0
2015-12-22 10:00:00,100,0,HistGradientBoosting,1.6745794834554832e-05,0
2015-12-22 11:00:00,100,0,HistGradientBoosting,1.7040949195266616e-05,0
2015-12-22 12:00:00,100,0,HistGradientBoosting,1.787348943481211e-05,0
2015-12-22 13:00:00,100,0,HistGradientBoosting,2.236621146074891e-05,0
2015-12-22 14:00:00,100,0,HistGradientBoosting,1.7685482579850654e-05,0
2015-12-22 15:00:00,100,0,HistGradientBoosting,1.7090449032355082e-05,0
2015-12-22 16:00:00,100,0,HistGradientBoosting,1.6794437333989663e-05,0
2015-12-22 17:00:00,100,0,HistGradientBoosting,1.7090449032355082e-05,0
2015-12-22 18:00:00,100,0,HistGradientBoosting,2.039966217992346e-05,0
2015-12-22 19:00:00,100,0,HistGradientBoosting,2.010513006360423e-05,0
2015-12-22 20:00:00,100,0,HistGradientBoosting,2.010513006360423e-05,0
2015-12-22 21:00:00,100,0,HistGradientBoosting,1.6284139437302174e-05,0
2015-12-22 22:00:00,100,0,HistGradientBoosting,2.0314936374034123e-05,0
2015-12-22 23:00:00,100,0,HistGradientBoosting,2.0314936374034123e-05,0
2015-12-23 00:00:00,100,0,HistGradientBoosting,1.546422976634024e-05,0
2015-12-23 01:00:00,100,0,HistGradientBoosting,1.7516708905097066e-05,0
2015-12-23 02:00:00,100,0,HistGradientBoosting,1.4004958860182238e-05,0
2015-12-23 03:00:00,100,0,HistGradientBoosting,6.64623677722126e-06,0
2015-12-23 04:00:00,100,0,HistGradientBoosting,6.64623677722126e-06,0
2015-12-23 05:00:00,100,0,HistGradientBoosting,6.64623677722126e-06,0
2015-12-23 06:00:00,100,0,HistGradientBoosting,7.875076072608357e-06,0
2015-12-23 07:00:00,100,0,HistGradientBoosting,7.670354482094007e-06,0
2015-12-23 08:00:00,100,0,HistGradientBoosting,1.0720356870994238e-05,0
2015-12-23 09:00:00,100,0,HistGradientBoosting,1.160518463794534e-05,0
2015-12-23 10:00:00,100,0,HistGradientBoosting,9.880352622776819e-06,0
2015-12-23 11:00:00,100,0,HistGradientBoosting,9.695061756485894e-06,0
2015-12-23 12:00:00,100,0,HistGradientBoosting,9.999980831809659e-06,0
2015-12-23 13:00:00,100,0,HistGradientBoosting,9.859613848513243e-06,0
2015-12-23 14:00:00,100,0,HistGradientBoosting,9.978990961481007e-06,0
2015-12-23 15:00:00,100,0,HistGradientBoosting,1.0132949636496765e-05,0
2015-12-23 16:00:00,100,0,HistGradientBoosting,1.1018095470091316e-05,0
2015-12-23 17:00:00,100,0,HistGradientBoosting,1.0326609277406057e-05,0
2015-12-23 18:00:00,100,0,HistGradientBoosting,1.0451640565502499e-05,0
2015-12-23 19:00:00,100,0,HistGradientBoosting,1.0132949636496765e-05,0
2015-12-23 20:00:00,100,0,HistGradientBoosting,1.0326609277406057e-05,0
2015-12-23 21:00:00,100,0,HistGradientBoosting,1.0451640565502499e-05,0
2015-12-23 22:00:00,100,0,HistGradientBoosting,1.0451640565502499e-05,0
2015-12-23 23:00:00,100,0,HistGradientBoosting,1.0131862677938067e-05,0
2015-12-24 00:00:00,100,0,HistGradientBoosting,9.954911114408847e-06,0
2015-12-24 01:00:00,100,0,HistGradientBoosting,9.30442869198935e-06,0
2015-12-24 02:00:00,100,0,HistGradientBoosting,1.0451640565502499e-05,0
2015-12-24 03:00:00,100,0,HistGradientBoosting,9.482253896441164e-06,0
2015-12-24 04:00:00,100,0,HistGradientBoosting,8.939750310761549e-06,0
2015-12-24 05:00:00,100,0,HistGradientBoosting,1.1402902969030148e-05,0
2015-12-24 06:00:00,100,0,HistGradientBoosting,6.64623677722126e-06,0
2015-12-24 07:00:00,100,0,HistGradientBoosting,6.64623677722126e-06,0
2015-12-24 08:00:00,100,0,HistGradientBoosting,6.64623677722126e-06,0
2015-12-24 09:00:00,100,0,HistGradientBoosting,6.64623677722126e-06,0
2015-12-24 10:00:00,100,0,HistGradientBoosting,6.64623677722126e-06,0
2015-12-24 11:00:00,100,0,HistGradientBoosting,6.64623677722126e-06,0
2015-12-24 12:00:00,100,0,HistGradientBoosting,6.64623677722126e-06,0
2015-12-24 13:00:00,100,0,HistGradientBoosting,6.64623677722126e-06,0
2015-12-24 14:00:00,100,0,HistGradientBoosting,6.64623677722126e-06,0
2015-12-24 15:00:00,100,0,HistGradientBoosting,6.64623677722126e-06,0
2015-12-24 16:00:00,100,0,HistGradientBoosting,6.64623677722126e-06,0
2015-12-24 17:00:00,100,0,HistGradientBoosting,6.64623677722126e-06,0
2015-12-24 18:00:00,100,0,HistGradientBoosting,6.64623677722126e-06,0
2015-12-24 19:00:00,100,0,HistGradientBoosting,6.64623677722126e-06,0
2015-12-24 20:00:00,100,0,HistGradientBoosting,6.64623677722126e-06,0
2015-12-24 21:00:00,100,0,HistGradientBoosting,6.64623677722126e-06,0
2015-12-24 22:00:00,100,0,HistGradientBoosting,6.64623677722126e-06,0
2015-12-24 23:00:00,100,0,HistGradientBoosting,6.64623677722126e-06,0
2015-12-25 00:00:00,100,0,HistGradientBoosting,6.64623677722126e-06,0
2015-12-25 01:00:00,100,0,HistGradientBoosting,6.64623677722126e-06,0
2015-12-25 02:00:00,100,0,HistGradientBoosting,6.64623677722126e-06,0
2015-12-25 03:00:00,100,0,HistGradientBoosting,6.64623677722126e-06,0
2015-12-25 04:00:00,100,0,HistGradientBoosting,6.64623677722126e-06,0
2015-12-25 05:00:00,100,0,HistGradientBoosting,6.64623677722126e-06,0
2015-12-25 06:00:00,100,0,HistGradientBoosting,6.64623677722126e-06,0
2015-12-25 07:00:00,100,0,HistGradientBoosting,6.64623677722126e-06,0
2015-12-25 08:00:00,100,0,HistGradientBoosting,6.64623677722126e-06,0
2015-12-25 09:00:00,100,0,HistGradientBoosting,6.64623677722126e-06,0
2015-12-25 10:00:00,100,0,HistGradientBoosting,6.64623677722126e-06,0
2015-12-25 11:00:00,100,0,HistGradientBoosting,6.64623677722126e-06,0
2015-12-25 12:00:00,100,0,HistGradientBoosting,6.64623677722126e-06,0
2015-12-25 13:00:00,100,0,HistGradientBoosting,6.64623677722126e-06,0
2015-12-25 14:00:00,100,0,HistGradientBoosting,6.64623677722126e-06,0
2015-12-25 15:00:00,100,0,HistGradientBoosting,6.64623677722126e-06,0
2015-12-25 16:00:00,100,0,HistGradientBoosting,6.64623677722126e-06,0
2015-12-25 17:00:00,100,0,HistGradientBoosting,6.64623677722126e-06,0
2015-12-25 18:00:00,100,0,HistGradientBoosting,6.64623677722126e-06,0
2015-12-25 19:00:00,100,0,HistGradientBoosting,6.64623677722126e-06,0
2015-12-25 20:00:00,100,0,HistGradientBoosting,6.64623677722126e-06,0
2015-12-25 21:00:00,100,0,HistGradientBoosting,6.64623677722126e-06,0
2015-12-25 22:00:00,100,0,HistGradientBoosting,6.64623677722126e-06,0
2015-12-25 23:00:00,100,0,HistGradientBoosting,6.64623677722126e-06,0
2015-12-26 00:00:00,100,0,HistGradientBoosting,6.64623677722126e-06,0
2015-12-26 01:00:00,100,0,HistGradientBoosting,6.64623677722126e-06,0
2015-12-26 02:00:00,100,0,HistGradientBoosting,6.64623677722126e-06,0
2015-12-26 03:00:00,100,0,HistGradientBoosting,6.64623677722126e-06,0
2015-12-26 04:00:00,100,0,HistGradientBoosting,6.64623677722126e-06,0
2015-12-26 05:00:00,100,0,HistGradientBoosting,6.64623677722126e-06,0
2015-12-26 06:00:00,100,0,HistGradientBoosting,6.64623677722126e-06,0
2015-12-26 07:00:00,100,0,HistGradientBoosting,6.64623677722126e-06,0
2015-12-26 08:00:00,100,0,HistGradientBoosting,6.64623677722126e-06,0
2015-12-26 09:00:00,100,0,HistGradientBoosting,6.64623677722126e-06,0
2015-12-26 10:00:00,100,0,HistGradientBoosting,6.64623677722126e-06,0
2015-12-26 11:00:00,100,0,HistGradientBoosting,6.64623677722126e-06,0
2015-12-26 12:00:00,100,0,HistGradientBoosting,6.64623677722126e-06,0
2015-12-26 13:00:00,100,0,HistGradientBoosting,6.64623677722126e-06,0
2015-12-26 14:00:00,100,0,HistGradientBoosting,6.64623677722126e-06,0
2015-12-26 15:00:00,100,0,HistGradientBoosting,6.64623677722126e-06,0
2015-12-26 16:00:00,100,0,HistGradientBoosting,6.64623677722126e-06,0
2015-12-26 17:00:00,100,0,HistGradientBoosting,6.64623677722126e-06,0
2015-12-26 18:00:00,100,0,HistGradientBoosting,6.64623677722126e-06,0
2015-12-26 19:00:00,100,0,HistGradientBoosting,6.64623677722126e-06,0
2015-12-26 20:00:00,100,0,HistGradientBoosting,6.64623677722126e-06,0
2015-12-26 21:00:00,100,0,HistGradientBoosting,6.64623677722126e-06,0
2015-12-26 22:00:00,100,0,HistGradientBoosting,6.64623677722126e-06,0
2015-12-26 23:00:00,100,0,HistGradientBoosting,6.64623677722126e-06,0
2015-12-27 00:00:00,100,0,HistGradientBoosting,6.64623677722126e-06,0
2015-12-27 01:00:00,100,0,HistGradientBoosting,6.64623677722126e-06,0
2015-12-27 02:00:00,100,0,HistGradientBoosting,6.64623677722126e-06,0
2015-12-27 03:00:00,100,0,HistGradientBoosting,6.64623677722126e-06,0
2015-12-27 04:00:00,100,0,HistGradientBoosting,6.64623677722126e-06,0
2015-12-27 05:00:00,100,0,HistGradientBoosting,6.64623677722126e-06,0
2015-12-27 06:00:00,100,0,HistGradientBoosting,6.64623677722126e-06,0
2015-12-27 07:00:00,100,0,HistGradientBoosting,6.64623677722126e-06,0
2015-12-27 08:00:00,100,0,HistGradientBoosting,6.64623677722126e-06,0
2015-12-27 09:00:00,100,0,HistGradientBoosting,6.64623677722126e-06,0
2015-12-27 10:00:00,100,0,HistGradientBoosting,6.64623677722126e-06,0
2015-12-27 11:00:00,100,0,HistGradientBoosting,6.64623677722126e-06,0
2015-12-27 12:00:00,100,0,HistGradientBoosting,6.64623677722126e-06,0
2015-12-27 13:00:00,100,0,HistGradientBoosting,6.64623677722126e-06,0
2015-12-27 14:00:00,100,0,HistGradientBoosting,6.64623677722126e-06,0
2015-12-27 15:00:00,100,0,HistGradientBoosting,6.64623677722126e-06,0
2015-12-27 16:00:00,100,0,HistGradientBoosting,6.64623677722126e-06,0
2015-12-27 17:00:00,100,0,HistGradientBoosting,6.64623677722126e-06,0
2015-12-27 18:00:00,100,0,HistGradientBoosting,6.64623677722126e-06,0
2015-12-27 19:00:00,100,0,HistGradientBoosting,6.64623677722126e-06,0
2015-12-27 20:00:00,100,0,HistGradientBoosting,6.64623677722126e-06,0
2015-12-27 21:00:00,100,0,HistGradientBoosting,6.64623677722126e-06,0
2015-12-27 22:00:00,100,0,HistGradientBoosting,6.64623677722126e-06,0
2015-12-27 23:00:00,100,0,HistGradientBoosting,6.64623677722126e-06,0
2015-12-28 00:00:00,100,0,HistGradientBoosting,6.64623677722126e-06,0
2015-12-28 01:00:00,100,0,HistGradientBoosting,6.64623677722126e-06,0
2015-12-28 02:00:00,100,0,HistGradientBoosting,6.64623677722126e-06,0
2015-12-28 03:00:00,100,0,HistGradientBoosting,6.64623677722126e-06,0
2015-12-28 04:00:00,100,0,HistGradientBoosting,6.64623677722126e-06,0
2015-12-28 05:00:00,100,0,HistGradientBoosting,6.64623677722126e-06,0
2015-12-28 06:00:00,100,0,HistGradientBoosting,6.64623677722126e-06,0
2015-12-28 07:00:00,100,0,HistGradientBoosting,6.64623677722126e-06,0
2015-12-28 08:00:00,100,0,HistGradientBoosting,6.64623677722126e-06,0
2015-12-28 09:00:00,100,0,HistGradientBoosting,6.64623677722126e-06,0
2015-12-28 10:00:00,100,0,HistGradientBoosting,6.64623677722126e-06,0
2015-12-28 11:00:00,100,0,HistGradientBoosting,6.64623677722126e-06,0
2015-12-28 12:00:00,100,0,HistGradientBoosting,6.64623677722126e-06,0
2015-12-28 13:00:00,100,0,HistGradientBoosting,6.64623677722126e-06,0
2015-12-28 14:00:00,100,0,HistGradientBoosting,6.64623677722126e-06,0
2015-12-28 15:00:00,100,0,HistGradientBoosting,6.64623677722126e-06,0
2015-12-28 16:00:00,100,0,HistGradientBoosting,6.64623677722126e-06,0
2015-12-28 17:00:00,100,0,HistGradientBoosting,6.64623677722126e-06,0
2015-12-28 18:00:00,100,0,HistGradientBoosting,6.64623677722126e-06,0
2015-12-28 19:00:00,100,0,HistGradientBoosting,6.64623677722126e-06,0
2015-12-28 20:00:00,100,0,HistGradientBoosting,6.64623677722126e-06,0
2015-12-28 21:00:00,100,0,HistGradientBoosting,6.64623677722126e-06,0
2015-12-28 22:00:00,100,0,HistGradientBoosting,6.64623677722126e-06,0
2015-12-28 23:00:00,100,0,HistGradientBoosting,6.64623677722126e-06,0
2015-12-29 00:00:00,100,0,HistGradientBoosting,6.64623677722126e-06,0
2015-12-29 01:00:00,100,0,HistGradientBoosting,6.64623677722126e-06,0
2015-12-29 02:00:00,100,0,HistGradientBoosting,6.64623677722126e-06,0
2015-12-29 03:00:00,100,0,HistGradientBoosting,6.64623677722126e-06,0
2015-12-29 04:00:00,100,0,HistGradientBoosting,6.64623677722126e-06,0
2015-12-29 05:00:00,100,0,HistGradientBoosting,6.64623677722126e-06,0
2015-12-29 06:00:00,100,0,HistGradientBoosting,6.64623677722126e-06,0
2015-12-29 07:00:00,100,0,HistGradientBoosting,6.64623677722126e-06,0
2015-12-29 08:00:00,100,0,HistGradientBoosting,6.64623677722126e-06,0
2015-12-29 09:00:00,100,0,HistGradientBoosting,6.64623677722126e-06,0
2015-12-29 10:00:00,100,0,HistGradientBoosting,6.64623677722126e-06,0
2015-12-29 11:00:00,100,0,HistGradientBoosting,6.64623677722126e-06,0
2015-12-29 12:00:00,100,0,HistGradientBoosting,6.64623677722126e-06,0
2015-12-29 13:00:00,100,0,HistGradientBoosting,6.64623677722126e-06,0
2015-12-29 14:00:00,100,0,HistGradientBoosting,6.64623677722126e-06,0
2015-12-29 15:00:00,100,0,HistGradientBoosting,6.64623677722126e-06,0
2015-12-29 16:00:00,100,0,HistGradientBoosting,6.64623677722126e-06,0
2015-12-29 17:00:00,100,0,HistGradientBoosting,6.64623677722126e-06,0
2015-12-29 18:00:00,100,0,HistGradientBoosting,6.64623677722126e-06,0
2015-12-29 19:00:00,100,0,HistGradientBoosting,6.64623677722126e-06,0
2015-12-29 20:00:00,100,0,HistGradientBoosting,6.64623677722126e-06,0
2015-12-29 21:00:00,100,0,HistGradientBoosting,6.64623677722126e-06,0
2015-12-29 22:00:00,100,0,HistGradientBoosting,6.64623677722126e-06,0
2015-12-29 23:00:00,100,0,HistGradientBoosting,6.64623677722126e-06,0
2015-12-30 00:00:00,100,0,HistGradientBoosting,6.64623677722126e-06,0
2015-12-30 01:00:00,100,0,HistGradientBoosting,6.64623677722126e-06,0
2015-12-30 02:00:00,100,0,HistGradientBoosting,6.64623677722126e-06,0
2015-12-30 03:00:00,100,0,HistGradientBoosting,6.64623677722126e-06,0
2015-12-30 04:00:00,100,0,HistGradientBoosting,6.64623677722126e-06,0
2015-12-30 05:00:00,100,0,HistGradientBoosting,6.64623677722126e-06,0
2015-12-30 06:00:00,100,0,HistGradientBoosting,6.64623677722126e-06,0
2015-12-30 07:00:00,100,0,HistGradientBoosting,6.64623677722126e-06,0
2015-12-30 08:00:00,100,0,HistGradientBoosting,6.64623677722126e-06,0
2015-12-30 09:00:00,100,0,HistGradientBoosting,6.64623677722126e-06,0
2015-12-30 10:00:00,100,0,HistGradientBoosting,6.64623677722126e-06,0
2015-12-30 11:00:00,100,0,HistGradientBoosting,6.64623677722126e-06,0
2015-12-30 12:00:00,100,0,HistGradientBoosting,6.64623677722126e-06,0
2015-12-30 13:00:00,100,0,HistGradientBoosting,6.64623677722126e-06,0
2015-12-30 14:00:00,100,0,HistGradientBoosting,6.64623677722126e-06,0
2015-12-30 15:00:00,100,0,HistGradientBoosting,6.64623677722126e-06,0
2015-12-30 16:00:00,100,0,HistGradientBoosting,6.64623677722126e-06,0
2015-12-30 17:00:00,100,0,HistGradientBoosting,6.64623677722126e-06,0
2015-12-30 18:00:00,100,0,HistGradientBoosting,6.64623677722126e-06,0
2015-12-30 19:00:00,100,0,HistGradientBoosting,6.64623677722126e-06,0
2015-12-30 20:00:00,100,0,HistGradientBoosting,6.64623677722126e-06,0
2015-12-30 21:00:00,100,0,HistGradientBoosting,6.64623677722126e-06,0
2015-12-30 22:00:00,100,0,HistGradientBoosting,6.64623677722126e-06,0
2015-12-30 23:00:00,100,0,HistGradientBoosting,6.64623677722126e-06,0
2015-12-31 00:00:00,100,0,HistGradientBoosting,6.64623677722126e-06,0
2015-12-31 01:00:00,100,0,HistGradientBoosting,6.64623677722126e-06,0
2015-12-31 02:00:00,100,0,HistGradientBoosting,6.64623677722126e-06,0
2015-12-31 03:00:00,100,0,HistGradientBoosting,6.64623677722126e-06,0
2015-12-31 04:00:00,100,0,HistGradientBoosting,6.64623677722126e-06,0
2015-12-31 05:00:00,100,0,HistGradientBoosting,6.64623677722126e-06,0
2015-12-31 06:00:00,100,0,HistGradientBoosting,6.64623677722126e-06,0
2015-12-31 07:00:00,100,0,HistGradientBoosting,6.64623677722126e-06,0
2015-12-31 08:00:00,100,0,HistGradientBoosting,6.64623677722126e-06,0
2015-12-31 09:00:00,100,0,HistGradientBoosting,6.64623677722126e-06,0
2015-12-31 10:00:00,100,0,HistGradientBoosting,6.64623677722126e-06,0
2015-12-31 11:00:00,100,0,HistGradientBoosting,6.64623677722126e-06,0
2015-12-31 12:00:00,100,0,HistGradientBoosting,6.64623677722126e-06,0
2015-12-31 13:00:00,100,0,HistGradientBoosting,6.64623677722126e-06,0
2015-12-31 14:00:00,100,0,HistGradientBoosting,6.64623677722126e-06,0
2015-12-31 15:00:00,100,0,HistGradientBoosting,6.64623677722126e-06,0
2015-12-31 16:00:00,100,0,HistGradientBoosting,6.64623677722126e-06,0
2015-12-31 17:00:00,100,0,HistGradientBoosting,6.64623677722126e-06,0
2015-12-31 18:00:00,100,0,HistGradientBoosting,6.64623677722126e-06,0
2015-12-31 19:00:00,100,0,HistGradientBoosting,6.64623677722126e-06,0
2015-12-31 20:00:00,100,0,HistGradientBoosting,6.64623677722126e-06,0
2015-12-31 21:00:00,100,0,HistGradientBoosting,6.64623677722126e-06,0
2015-12-31 22:00:00,100,0,HistGradientBoosting,6.64623677722126e-06,0
2015-12-31 23:00:00,100,0,HistGradientBoosting,6.64623677722126e-06,0
2016-01-01 00:00:00,100,0,HistGradientBoosting,6.64623677722126e-06,0
2016-01-01 01:00:00,100,0,HistGradientBoosting,6.64623677722126e-06,0
2016-01-01 02:00:00,100,0,HistGradientBoosting,6.64623677722126e-06,0
2016-01-01 03:00:00,100,0,HistGradientBoosting,6.64623677722126e-06,0
2016-01-01 04:00:00,100,0,HistGradientBoosting,6.64623677722126e-06,0
2016-01-01 05:00:00,100,0,HistGradientBoosting,6.64623677722126e-06,0
2016-01-01 06:00:00,100,0,HistGradientBoosting,6.64623677722126e-06,0
